<?xml version="1.0" encoding="UTF-8"?>
<project version="4">
  <component name="CheckStyle-IDEA">
    <option name="configuration">
      <map>
        <entry key="active-configuration" value="PROJECT_RELATIVE:$PRJ_DIR$/static-analysis/teammates-checkstyle.xml:teammates" />
        <entry key="checkstyle-version" value="Automatic replacement: `checkStyleVersion` in build script" />
        <entry key="location-0" value="CLASSPATH:/sun_checks.xml:The default Checkstyle rules" />
        <entry key="location-1" value="PROJECT_RELATIVE:$PRJ_DIR$/static-analysis/teammates-checkstyle.xml:teammates" />
        <entry key="property-1.basedir" value="$PROJECT_DIR$" />
        <entry key="scanscope" value="JavaOnlyWithTests" />
        <entry key="suppress-errors" value="false" />
        <entry key="thirdparty-classpath" value="" />
      </map>
    </option>
  </component>
</project>