<FindBugsFilter>
    <Match>
        <Class name="~.*BooleanConverter$"/>
        <Bug code="NP" />
    </Match>
    <Match>
        <Class name="~.*DefaultCallbackLogic"/>
        <Bug pattern="RCN_REDUNDANT_NULLCHECK_OF_NONNULL_VALUE" />
    </Match>
    <Match>
        <Class name="~.*DefaultCallbackLogicTests"/>
        <Bug pattern="NP_NULL_ON_SOME_PATH_FROM_RETURN_VALUE" />
    </Match>
    <Match>
        <Class name="~.*DefaultLogoutLogic"/>
        <Bug pattern="RCN_REDUNDANT_NULLCHECK_OF_NONNULL_VALUE" />
    </Match>
    <Match>
        <Class name="~.*SAML2Credentials"/>
        <Bug code="Se" />
    </Match>
    <Match>
        <Class name="~.*SAML2ClientConfiguration"/>
        <Bug code="REC" />
    </Match>

</FindBugsFilter>
