<?xml version="1.0" encoding="UTF-8"?>
<wls:weblogic-web-app xmlns:xsi="http://www.w3.org/2001/XMLSchema-instance" xmlns:wls="http://www.bea.com/ns/weblogic/90" xsi:schemaLocation="http://java.sun.com/xml/ns/javaee http://java.sun.com/xml/ns/javaee/web-app_3_0.xsd http://www.bea.com/ns/weblogic/90 http://www.bea.com/ns/weblogic/90/weblogic-web-app.xsd">
    <wls:weblogic-version>12.1.1</wls:weblogic-version>
    <wls:context-root>gitblit</wls:context-root>
    <wls:container-descriptor>
         <wls:show-archived-real-path-enabled>true</wls:show-archived-real-path-enabled>
         <wls:prefer-web-inf-classes>true</wls:prefer-web-inf-classes>
    </wls:container-descriptor>
</wls:weblogic-web-app> 
